               epoch,      train/box_loss,      train/obj_loss,      train/cls_loss,   metrics/precision,      metrics/recall,     metrics/mAP_0.5,metrics/mAP_0.5:0.95,        val/box_loss,        val/obj_loss,        val/cls_loss,               x/lr0,               x/lr1,               x/lr2
                   0,            0.077638,             0.02876,              0.0379,             0.23845,             0.23635,             0.17236,            0.077056,             0.05258,            0.011465,            0.018912,            0.070129,            0.003319,            0.003319
                   1,            0.056312,            0.025537,            0.022174,             0.37076,             0.38357,             0.31818,             0.14135,            0.047812,            0.010559,             0.01013,            0.040107,           0.0066304,           0.0066304
                   2,            0.052054,            0.023862,            0.017815,              0.4983,             0.36773,             0.38759,             0.18651,            0.044987,            0.010292,           0.0095695,            0.010063,           0.0099198,           0.0099198
                   3,            0.048886,            0.023835,            0.016817,             0.37283,             0.44277,             0.35357,             0.15809,            0.045906,            0.010669,           0.0089283,            0.009901,            0.009901,            0.009901
                   4,            0.046876,            0.023294,             0.01532,             0.52371,             0.45884,             0.46103,             0.23846,            0.042602,            0.011002,           0.0088833,            0.009901,            0.009901,            0.009901
                   5,            0.047173,            0.024137,            0.015507,              0.5094,             0.45784,             0.44862,               0.218,            0.042192,            0.010732,           0.0088634,            0.009868,            0.009868,            0.009868
                   6,            0.044406,            0.023115,            0.014172,             0.47745,             0.44332,             0.43558,              0.2073,            0.039231,            0.010698,           0.0078884,            0.009835,            0.009835,            0.009835
                   7,            0.043213,            0.023276,            0.012513,             0.60975,             0.49588,             0.51869,              0.2619,            0.038386,             0.01007,           0.0066669,            0.009802,            0.009802,            0.009802
                   8,            0.043004,            0.023072,            0.014182,             0.56505,             0.51754,             0.52914,             0.26656,            0.039804,            0.010201,            0.006671,            0.009769,            0.009769,            0.009769
                   9,            0.042237,            0.023905,            0.012823,             0.61928,             0.52636,             0.53888,             0.27581,            0.035985,             0.01026,           0.0060849,            0.009736,            0.009736,            0.009736
                  10,            0.041033,            0.023189,            0.012525,             0.67979,             0.53731,             0.60856,             0.33292,            0.037705,           0.0099876,           0.0056838,            0.009703,            0.009703,            0.009703
                  11,            0.041699,            0.023173,            0.012926,             0.63247,             0.56476,             0.60507,             0.32031,            0.037703,           0.0095341,           0.0063831,             0.00967,             0.00967,             0.00967
                  12,            0.039551,            0.022606,            0.011303,             0.63886,             0.56035,             0.58545,             0.31651,            0.035826,           0.0099464,           0.0060511,            0.009637,            0.009637,            0.009637
                  13,            0.039742,            0.022408,            0.012434,             0.64269,             0.58211,              0.5939,             0.31893,            0.035605,            0.009736,           0.0066071,            0.009604,            0.009604,            0.009604
                  14,            0.038499,            0.021653,            0.011547,             0.68682,              0.5849,             0.64204,             0.36025,            0.034803,            0.010061,           0.0053675,            0.009571,            0.009571,            0.009571
                  15,            0.038578,            0.022737,            0.010863,             0.65789,             0.55297,             0.60374,             0.33942,            0.035927,           0.0099374,           0.0048134,            0.009538,            0.009538,            0.009538
                  16,            0.037177,             0.02186,           0.0099609,             0.66849,             0.55816,             0.63342,             0.35684,            0.034948,           0.0093229,           0.0040227,            0.009505,            0.009505,            0.009505
                  17,            0.036639,            0.021609,           0.0094552,             0.74357,             0.60392,             0.68007,             0.37198,            0.035441,           0.0094969,            0.003847,            0.009472,            0.009472,            0.009472
                  18,            0.036948,            0.021718,           0.0090905,             0.68604,             0.60238,             0.63515,             0.34855,            0.035972,            0.009606,           0.0061088,            0.009439,            0.009439,            0.009439
                  19,            0.035802,            0.021512,           0.0089139,             0.61858,             0.46321,             0.51741,             0.28609,            0.037321,           0.0099708,           0.0074383,            0.009406,            0.009406,            0.009406
                  20,              0.0364,            0.021019,           0.0086734,             0.71772,             0.61575,             0.64647,              0.3565,            0.035356,           0.0093127,           0.0040147,            0.009373,            0.009373,            0.009373
                  21,            0.037079,               0.021,           0.0086524,              0.6611,             0.64681,             0.68948,             0.39098,            0.033666,           0.0094011,           0.0047124,             0.00934,             0.00934,             0.00934
                  22,            0.036707,            0.021173,           0.0092331,             0.71096,             0.62063,             0.67477,             0.39745,             0.03395,           0.0093043,            0.006772,            0.009307,            0.009307,            0.009307
                  23,            0.035404,            0.020741,           0.0075505,             0.74157,             0.64992,             0.69384,             0.40505,            0.033949,           0.0091662,           0.0041683,            0.009274,            0.009274,            0.009274
                  24,            0.034873,            0.021173,           0.0075228,              0.7142,             0.63946,             0.68056,             0.38496,            0.031217,           0.0092978,           0.0038465,            0.009241,            0.009241,            0.009241
                  25,            0.034652,            0.020851,           0.0080768,             0.70705,             0.60727,             0.65899,             0.38314,            0.032439,           0.0094437,           0.0050066,            0.009208,            0.009208,            0.009208
                  26,            0.035872,            0.020915,           0.0083353,             0.69644,             0.61491,             0.66995,             0.36176,            0.033289,           0.0093136,           0.0043788,            0.009175,            0.009175,            0.009175
                  27,            0.035011,            0.021391,           0.0076107,             0.66424,              0.6473,             0.66521,             0.37605,            0.033063,           0.0093926,           0.0036757,            0.009142,            0.009142,            0.009142
                  28,            0.035346,            0.020248,           0.0078527,             0.68463,             0.63996,             0.67572,             0.38185,            0.034011,           0.0095598,            0.004317,            0.009109,            0.009109,            0.009109
                  29,            0.034238,            0.020877,           0.0073015,             0.74364,             0.65859,             0.69695,             0.40694,            0.032635,           0.0088809,           0.0033098,            0.009076,            0.009076,            0.009076
                  30,            0.033841,            0.020709,           0.0064695,             0.76661,             0.62306,             0.69398,             0.41323,             0.03127,           0.0090733,           0.0035103,            0.009043,            0.009043,            0.009043
                  31,            0.033953,            0.020473,           0.0068765,             0.67868,             0.64637,             0.69301,             0.42386,            0.033543,           0.0089908,           0.0032596,             0.00901,             0.00901,             0.00901
                  32,            0.034504,             0.02081,           0.0072534,             0.72905,             0.63933,             0.71337,             0.41881,            0.032394,           0.0091087,           0.0041906,            0.008977,            0.008977,            0.008977
                  33,            0.033136,            0.020111,           0.0064957,             0.73022,             0.63564,             0.70439,             0.42061,            0.032119,            0.008928,           0.0046728,            0.008944,            0.008944,            0.008944
                  34,            0.033745,            0.019708,           0.0070547,              0.7994,             0.65009,             0.73087,             0.44922,            0.031863,           0.0090267,           0.0041888,            0.008911,            0.008911,            0.008911
                  35,            0.032119,            0.019585,           0.0066873,             0.77215,             0.67495,             0.72806,             0.45473,            0.031366,           0.0087737,           0.0035621,            0.008878,            0.008878,            0.008878
                  36,            0.032395,            0.019618,           0.0060728,             0.72313,              0.6867,             0.72116,             0.41956,            0.032035,           0.0087525,            0.003734,            0.008845,            0.008845,            0.008845
                  37,            0.031871,            0.019485,           0.0065719,             0.77576,              0.6987,             0.75613,             0.45471,            0.031862,           0.0084102,           0.0045201,            0.008812,            0.008812,            0.008812
                  38,            0.031825,            0.018987,           0.0059006,             0.79422,             0.62359,             0.71904,             0.43722,            0.032122,           0.0088791,           0.0031268,            0.008779,            0.008779,            0.008779
                  39,            0.031768,            0.019337,            0.005828,             0.72409,             0.63973,             0.68381,             0.40268,            0.032362,           0.0090905,           0.0032267,            0.008746,            0.008746,            0.008746
                  40,            0.032174,            0.018989,             0.00578,             0.79314,             0.68165,              0.7518,             0.46012,            0.031837,           0.0085958,           0.0034302,            0.008713,            0.008713,            0.008713
                  41,            0.032778,            0.020301,           0.0063383,             0.75516,              0.6839,             0.74354,             0.45626,            0.031221,           0.0087225,           0.0037528,             0.00868,             0.00868,             0.00868
                  42,            0.031833,            0.019549,           0.0069397,             0.79908,             0.66715,             0.74159,             0.45256,            0.030568,            0.008804,            0.003562,            0.008647,            0.008647,            0.008647
                  43,            0.030324,            0.019338,           0.0061885,             0.72729,             0.66293,             0.70878,             0.43385,            0.030692,           0.0086558,           0.0041852,            0.008614,            0.008614,            0.008614
                  44,            0.031915,            0.018853,            0.005636,             0.76708,             0.68032,             0.74951,             0.46046,            0.031346,           0.0086366,           0.0035047,            0.008581,            0.008581,            0.008581
                  45,            0.032047,            0.019885,           0.0061658,             0.71028,             0.67712,             0.71978,             0.44585,            0.032391,           0.0088544,           0.0040595,            0.008548,            0.008548,            0.008548
                  46,            0.029814,            0.018831,           0.0066918,             0.80628,             0.62793,             0.73267,             0.45614,            0.032116,           0.0087479,           0.0032466,            0.008515,            0.008515,            0.008515
                  47,             0.03162,            0.018763,           0.0055143,             0.73159,              0.6563,             0.71582,              0.4517,            0.030674,           0.0090845,            0.003598,            0.008482,            0.008482,            0.008482
                  48,            0.031217,            0.019138,           0.0058266,             0.76788,              0.6443,             0.71237,             0.44388,            0.031721,           0.0089425,           0.0051631,            0.008449,            0.008449,            0.008449
                  49,              0.0302,            0.018767,           0.0065049,             0.73552,             0.65699,             0.71919,             0.44793,            0.031172,            0.008647,           0.0041052,            0.008416,            0.008416,            0.008416
                  50,            0.030928,            0.019027,           0.0051989,              0.8415,              0.6786,             0.76702,             0.47018,            0.030351,           0.0085449,           0.0038132,            0.008383,            0.008383,            0.008383
                  51,            0.030843,            0.018346,           0.0053462,             0.70597,              0.7094,             0.74483,             0.46828,            0.030918,           0.0086364,           0.0038793,             0.00835,             0.00835,             0.00835
                  52,            0.030497,            0.018446,           0.0051224,             0.76731,             0.69641,             0.74834,             0.48141,            0.029741,           0.0084717,           0.0040962,            0.008317,            0.008317,            0.008317
                  53,            0.030352,            0.018579,           0.0049206,             0.76267,             0.69295,              0.7659,              0.4862,            0.030996,           0.0085607,           0.0041566,            0.008284,            0.008284,            0.008284
                  54,            0.029969,            0.018522,           0.0051013,             0.82402,             0.68202,             0.75364,             0.48167,            0.030487,           0.0084738,            0.003506,            0.008251,            0.008251,            0.008251
                  55,            0.030786,            0.018042,           0.0055335,             0.75073,             0.67626,             0.73792,             0.46393,            0.030486,           0.0086659,           0.0035981,            0.008218,            0.008218,            0.008218
                  56,            0.030959,            0.018401,           0.0051511,             0.81257,             0.68703,             0.76712,             0.48634,            0.031526,           0.0085484,           0.0043131,            0.008185,            0.008185,            0.008185
                  57,            0.029816,            0.018139,           0.0050463,              0.8277,             0.68787,             0.76318,              0.4929,            0.030297,           0.0085928,           0.0043618,            0.008152,            0.008152,            0.008152
                  58,             0.02952,            0.018431,            0.005113,             0.79542,             0.63709,             0.71471,             0.46083,            0.031541,           0.0089596,           0.0049408,            0.008119,            0.008119,            0.008119
                  59,            0.030636,            0.018013,           0.0054045,             0.77667,             0.71005,             0.76492,              0.4877,            0.030082,           0.0085412,           0.0027887,            0.008086,            0.008086,            0.008086
                  60,            0.029619,            0.018567,           0.0050521,             0.81036,             0.68168,             0.75678,             0.48335,            0.029276,           0.0085843,           0.0029379,            0.008053,            0.008053,            0.008053
                  61,            0.029399,            0.017545,            0.004885,             0.75552,             0.71138,             0.75936,             0.49699,             0.03006,           0.0084624,           0.0036083,             0.00802,             0.00802,             0.00802
                  62,            0.028757,            0.018053,           0.0045332,             0.77818,             0.70105,              0.7596,             0.48841,            0.030426,           0.0085096,           0.0034779,            0.007987,            0.007987,            0.007987
                  63,            0.029541,            0.017878,            0.004529,             0.81681,             0.69363,             0.75819,             0.48721,            0.030911,           0.0085994,           0.0045136,            0.007954,            0.007954,            0.007954
                  64,            0.029008,            0.017426,           0.0046357,              0.7957,             0.71935,             0.76803,             0.50815,            0.029431,           0.0086418,           0.0035585,            0.007921,            0.007921,            0.007921
                  65,            0.028943,            0.018028,           0.0050732,             0.81252,             0.72043,             0.77955,             0.50307,            0.030222,           0.0086556,           0.0035026,            0.007888,            0.007888,            0.007888
                  66,             0.02882,            0.017664,           0.0048732,             0.77402,             0.70948,             0.76317,             0.49911,             0.02982,           0.0085366,            0.003703,            0.007855,            0.007855,            0.007855
                  67,            0.028534,            0.017728,           0.0053924,             0.83194,             0.70251,             0.76308,             0.50132,            0.030984,           0.0083237,           0.0045147,            0.007822,            0.007822,            0.007822
                  68,            0.028597,            0.017413,           0.0047524,             0.81216,             0.73126,             0.78087,             0.49821,            0.031034,           0.0085079,           0.0043251,            0.007789,            0.007789,            0.007789
                  69,            0.027512,            0.017255,           0.0042999,             0.81149,             0.70016,             0.78254,             0.51194,            0.029189,           0.0082427,           0.0034242,            0.007756,            0.007756,            0.007756
                  70,            0.027833,            0.016952,           0.0042617,             0.81565,             0.71244,             0.76857,             0.49202,            0.030355,           0.0085477,           0.0043192,            0.007723,            0.007723,            0.007723
                  71,            0.028705,            0.017516,           0.0041599,             0.79659,             0.72029,             0.76447,             0.49258,            0.030258,           0.0083332,           0.0044104,             0.00769,             0.00769,             0.00769
                  72,            0.028009,            0.017006,           0.0043204,             0.80411,             0.70998,             0.77491,             0.50113,            0.030728,            0.008475,           0.0037136,            0.007657,            0.007657,            0.007657
                  73,            0.027836,            0.018029,           0.0036119,             0.78942,             0.72468,             0.76436,             0.49431,            0.029957,           0.0084094,           0.0030474,            0.007624,            0.007624,            0.007624
                  74,            0.027773,             0.01729,           0.0037073,             0.81306,             0.70564,             0.76644,             0.48995,            0.030105,           0.0085303,           0.0038977,            0.007591,            0.007591,            0.007591
                  75,            0.028575,            0.016766,           0.0038017,             0.79617,             0.74249,             0.77929,             0.49756,            0.030503,           0.0086881,           0.0045746,            0.007558,            0.007558,            0.007558
                  76,            0.027696,            0.017175,           0.0046707,              0.7947,             0.69191,             0.75624,             0.47407,            0.030542,           0.0086537,           0.0036046,            0.007525,            0.007525,            0.007525
                  77,            0.026978,            0.016899,           0.0034893,              0.8042,             0.70115,             0.77278,             0.50644,            0.029955,           0.0084682,           0.0028499,            0.007492,            0.007492,            0.007492
                  78,            0.026741,            0.016531,           0.0034768,              0.8254,             0.70027,             0.76937,             0.49775,            0.029564,           0.0083637,           0.0028693,            0.007459,            0.007459,            0.007459
                  79,            0.026868,            0.016448,           0.0037147,             0.81068,             0.72657,              0.7658,             0.49562,            0.030029,           0.0085332,           0.0038506,            0.007426,            0.007426,            0.007426
                  80,            0.027021,            0.016614,           0.0038669,             0.78067,             0.73657,             0.77212,             0.49045,            0.029994,           0.0085774,           0.0030531,            0.007393,            0.007393,            0.007393
                  81,            0.027599,            0.016803,           0.0032944,             0.84263,             0.71841,             0.77722,             0.50354,            0.030406,            0.008651,           0.0028656,             0.00736,             0.00736,             0.00736
                  82,            0.027045,            0.016621,           0.0038607,             0.79938,             0.72449,             0.76645,             0.49609,            0.029953,           0.0086914,           0.0029733,            0.007327,            0.007327,            0.007327
                  83,            0.026088,            0.016506,           0.0038797,              0.8369,             0.71384,             0.77151,             0.50448,            0.030251,           0.0088432,           0.0032079,            0.007294,            0.007294,            0.007294
                  84,            0.026337,            0.016364,           0.0028352,             0.80754,              0.7157,              0.7774,              0.5101,             0.02927,           0.0085273,           0.0030471,            0.007261,            0.007261,            0.007261
                  85,            0.026454,            0.016718,           0.0042759,              0.8274,             0.72881,             0.77047,             0.50915,            0.031085,           0.0084096,           0.0033199,            0.007228,            0.007228,            0.007228
                  86,            0.025819,            0.016265,           0.0034786,             0.80696,             0.70894,             0.77735,             0.51397,            0.029091,           0.0083859,           0.0020291,            0.007195,            0.007195,            0.007195
                  87,            0.025872,            0.016465,           0.0031963,             0.84674,             0.70298,             0.77531,             0.50203,            0.030348,           0.0083492,           0.0029457,            0.007162,            0.007162,            0.007162
                  88,            0.026728,            0.016125,           0.0030763,             0.82627,             0.74264,              0.7895,             0.51139,             0.03009,           0.0086017,           0.0029523,            0.007129,            0.007129,            0.007129
                  89,            0.025716,            0.016082,           0.0031138,             0.83081,               0.721,              0.7885,             0.51602,            0.029128,           0.0085089,           0.0025024,            0.007096,            0.007096,            0.007096
                  90,            0.025898,            0.016245,           0.0039369,              0.8201,             0.73233,             0.79392,             0.53302,            0.029071,           0.0085139,           0.0025201,            0.007063,            0.007063,            0.007063
                  91,            0.026915,            0.016393,           0.0033664,             0.83028,             0.71622,             0.76986,              0.4991,            0.029587,           0.0084197,           0.0024705,             0.00703,             0.00703,             0.00703
                  92,            0.026273,            0.016516,           0.0034572,             0.83588,             0.71874,             0.78915,              0.5264,            0.029331,           0.0081632,           0.0024906,            0.006997,            0.006997,            0.006997
                  93,            0.026839,            0.016211,           0.0033019,             0.83435,             0.73786,             0.79203,             0.52561,            0.028929,           0.0085912,           0.0028541,            0.006964,            0.006964,            0.006964
                  94,            0.025242,             0.01551,           0.0037054,             0.84351,             0.71946,             0.78965,             0.53411,            0.028475,           0.0085454,           0.0035188,            0.006931,            0.006931,            0.006931
                  95,            0.025335,            0.016089,            0.003369,             0.82548,             0.71695,             0.78844,             0.52365,            0.028753,           0.0083532,           0.0031561,            0.006898,            0.006898,            0.006898
                  96,            0.025914,            0.016132,           0.0033442,             0.83166,             0.70619,             0.77421,             0.51015,            0.029125,           0.0085689,           0.0034719,            0.006865,            0.006865,            0.006865
                  97,            0.027247,            0.016464,           0.0033676,             0.84238,             0.72368,             0.79025,             0.52212,            0.029492,           0.0086277,            0.002969,            0.006832,            0.006832,            0.006832
                  98,            0.026445,            0.016227,           0.0034195,             0.83787,             0.72661,              0.7822,             0.51683,            0.030194,           0.0085066,           0.0036017,            0.006799,            0.006799,            0.006799
                  99,             0.02639,            0.016234,           0.0039317,             0.79892,             0.72908,             0.78043,             0.51831,             0.02962,           0.0083697,           0.0033217,            0.006766,            0.006766,            0.006766
                 100,            0.026688,             0.01623,           0.0032905,             0.82766,             0.72238,             0.77981,             0.52332,             0.02924,           0.0086034,           0.0036479,            0.006733,            0.006733,            0.006733
                 101,             0.02543,            0.015838,           0.0031994,             0.79017,             0.72049,             0.77398,              0.5115,            0.030071,           0.0084062,           0.0039286,              0.0067,              0.0067,              0.0067
                 102,            0.025154,            0.015543,           0.0031051,             0.87255,             0.74074,             0.79539,              0.5345,            0.028359,           0.0082259,           0.0030195,            0.006667,            0.006667,            0.006667
                 103,            0.025687,            0.015926,           0.0035387,             0.85033,             0.72586,             0.79415,             0.53535,            0.028537,           0.0085419,           0.0032597,            0.006634,            0.006634,            0.006634
                 104,            0.025766,            0.015937,           0.0036392,              0.8405,             0.71331,             0.77121,             0.51726,            0.029972,           0.0084924,           0.0039047,            0.006601,            0.006601,            0.006601
                 105,            0.025751,             0.01592,           0.0040401,              0.8519,             0.69839,             0.77646,             0.51756,            0.029638,           0.0083417,           0.0037605,            0.006568,            0.006568,            0.006568
                 106,             0.02579,            0.015666,            0.002935,             0.86726,             0.72567,              0.7932,             0.52876,            0.029645,            0.008478,           0.0025694,            0.006535,            0.006535,            0.006535
                 107,            0.024389,            0.015656,           0.0033394,             0.83279,             0.73968,              0.7964,             0.53986,            0.028638,           0.0086017,           0.0030406,            0.006502,            0.006502,            0.006502
                 108,            0.024986,            0.015497,           0.0034152,             0.83684,             0.72857,             0.79347,             0.53545,            0.029647,           0.0085269,           0.0029888,            0.006469,            0.006469,            0.006469
                 109,            0.024788,            0.015449,           0.0028027,             0.85751,             0.71876,             0.79053,             0.54114,            0.029243,           0.0083684,             0.00322,            0.006436,            0.006436,            0.006436
                 110,            0.025086,             0.01565,           0.0029709,             0.85214,             0.70982,             0.78501,             0.54047,             0.02908,           0.0086368,           0.0034313,            0.006403,            0.006403,            0.006403
                 111,            0.024803,            0.015516,           0.0025407,             0.84827,             0.72135,             0.79335,             0.53453,            0.028941,            0.008449,           0.0029684,             0.00637,             0.00637,             0.00637
                 112,            0.024626,            0.015617,           0.0029787,              0.8409,             0.73481,             0.79081,             0.53113,             0.02924,           0.0086143,           0.0028957,            0.006337,            0.006337,            0.006337
                 113,            0.025093,             0.01565,           0.0033836,             0.82285,             0.74448,             0.80182,             0.53768,            0.028122,           0.0084786,           0.0024383,            0.006304,            0.006304,            0.006304
                 114,            0.024408,            0.015525,            0.002682,             0.85131,             0.72843,             0.79048,             0.53567,            0.028769,           0.0085075,           0.0027741,            0.006271,            0.006271,            0.006271
                 115,            0.024464,            0.015268,           0.0027647,             0.86491,             0.72948,             0.79334,               0.542,            0.028417,           0.0084554,           0.0031158,            0.006238,            0.006238,            0.006238
                 116,            0.023939,            0.014985,           0.0027402,             0.87656,             0.70534,             0.78267,             0.53435,            0.029091,           0.0086697,           0.0030378,            0.006205,            0.006205,            0.006205
                 117,            0.024996,            0.015169,           0.0031985,             0.87098,             0.70798,             0.79615,              0.5484,            0.029427,           0.0086253,           0.0029528,            0.006172,            0.006172,            0.006172
                 118,            0.024468,            0.015152,           0.0035769,             0.85297,             0.72983,              0.7958,             0.55111,            0.028682,           0.0086991,            0.002958,            0.006139,            0.006139,            0.006139
                 119,            0.024385,             0.01493,           0.0031264,             0.86561,             0.71586,              0.7954,             0.54301,            0.029007,           0.0084642,           0.0030826,            0.006106,            0.006106,            0.006106
                 120,            0.023999,            0.015114,           0.0028258,             0.82825,             0.72584,             0.79339,             0.53904,            0.028316,           0.0084454,           0.0023587,            0.006073,            0.006073,            0.006073
                 121,            0.024675,            0.015362,           0.0031216,             0.87861,             0.72044,             0.80467,             0.53741,            0.028841,           0.0082186,           0.0023622,             0.00604,             0.00604,             0.00604
                 122,            0.024041,            0.015171,           0.0028152,             0.86385,             0.74157,             0.80535,             0.53609,            0.028416,           0.0084141,           0.0021143,            0.006007,            0.006007,            0.006007
                 123,            0.025055,            0.015174,           0.0030543,             0.85741,             0.74176,              0.8074,             0.55057,            0.028228,           0.0082401,           0.0022652,            0.005974,            0.005974,            0.005974
                 124,            0.024085,            0.015098,           0.0030489,             0.85792,             0.75303,             0.80003,              0.5389,            0.028627,           0.0085443,           0.0020702,            0.005941,            0.005941,            0.005941
                 125,            0.024208,             0.01523,           0.0024813,             0.84305,             0.75002,             0.80666,             0.54008,            0.028312,           0.0083891,           0.0025057,            0.005908,            0.005908,            0.005908
                 126,             0.02429,            0.015245,           0.0029887,             0.81331,             0.73971,             0.78302,             0.54438,             0.02892,           0.0084969,           0.0029314,            0.005875,            0.005875,            0.005875
                 127,            0.023825,            0.015015,           0.0031928,             0.87077,             0.72508,              0.7948,             0.54343,            0.029089,            0.008494,           0.0028926,            0.005842,            0.005842,            0.005842
                 128,             0.02378,            0.014779,           0.0030652,             0.86181,             0.72172,             0.79842,             0.54868,            0.028453,           0.0084997,           0.0029248,            0.005809,            0.005809,            0.005809
                 129,            0.024208,            0.015141,           0.0027204,              0.8405,             0.71232,             0.78821,             0.54058,            0.028829,           0.0086407,           0.0032425,            0.005776,            0.005776,            0.005776
                 130,            0.023268,            0.015199,           0.0024356,              0.8883,             0.71883,             0.79457,             0.53746,            0.029404,           0.0087149,           0.0029099,            0.005743,            0.005743,            0.005743
                 131,            0.024161,            0.014736,           0.0025112,             0.88229,             0.73474,             0.79464,             0.54522,            0.029131,           0.0084161,           0.0038125,             0.00571,             0.00571,             0.00571
                 132,            0.023548,            0.014728,           0.0025456,             0.85467,             0.73875,              0.7995,             0.54939,            0.028783,           0.0082581,           0.0030827,            0.005677,            0.005677,            0.005677
                 133,            0.023383,            0.014338,           0.0028479,             0.84048,               0.743,             0.79343,             0.54498,             0.02979,           0.0085234,           0.0039992,            0.005644,            0.005644,            0.005644
                 134,            0.024546,            0.014684,           0.0031432,             0.83592,             0.75133,             0.79991,             0.55036,            0.029309,           0.0086271,            0.003278,            0.005611,            0.005611,            0.005611
                 135,            0.023288,            0.014901,           0.0024153,              0.8428,             0.74655,             0.79728,              0.5496,            0.029138,           0.0083706,           0.0024252,            0.005578,            0.005578,            0.005578
                 136,            0.023383,            0.014687,           0.0022023,             0.81907,             0.75382,             0.78921,              0.5497,            0.029373,            0.008419,            0.002663,            0.005545,            0.005545,            0.005545
                 137,            0.022966,            0.014274,           0.0020377,              0.8891,             0.70907,             0.79434,              0.5523,            0.029261,           0.0085672,           0.0027054,            0.005512,            0.005512,            0.005512
                 138,            0.023994,            0.014474,           0.0025073,             0.86993,             0.73358,              0.7978,             0.55607,            0.029363,           0.0083608,           0.0028422,            0.005479,            0.005479,            0.005479
                 139,            0.022899,            0.014464,           0.0024847,             0.88283,              0.7197,             0.80253,             0.55143,            0.028568,           0.0084162,           0.0021928,            0.005446,            0.005446,            0.005446
                 140,            0.023271,            0.014404,           0.0021273,              0.8523,             0.75262,             0.80224,             0.56168,            0.028857,           0.0085118,           0.0019187,            0.005413,            0.005413,            0.005413
                 141,            0.023176,            0.014314,           0.0026749,             0.87712,             0.74658,             0.80635,             0.56038,            0.028591,           0.0084771,           0.0026569,             0.00538,             0.00538,             0.00538
                 142,            0.022476,            0.013853,           0.0018841,             0.84147,             0.73581,             0.79387,             0.55078,            0.028491,           0.0087461,           0.0029746,            0.005347,            0.005347,            0.005347
                 143,            0.022484,            0.014506,           0.0022078,              0.8321,             0.74421,             0.79983,             0.55458,            0.029062,           0.0084611,           0.0032492,            0.005314,            0.005314,            0.005314
                 144,            0.022616,            0.014368,           0.0030366,             0.83633,             0.72653,             0.79463,             0.54981,            0.028643,           0.0085701,           0.0025089,            0.005281,            0.005281,            0.005281
                 145,            0.022956,            0.014385,           0.0024192,             0.87451,             0.73145,             0.80372,             0.55327,            0.028724,           0.0086263,           0.0024544,            0.005248,            0.005248,            0.005248
                 146,            0.022675,            0.014297,           0.0023056,              0.8628,             0.72687,             0.80031,             0.55518,            0.028521,           0.0085339,           0.0025315,            0.005215,            0.005215,            0.005215
                 147,            0.022967,            0.014545,           0.0024775,             0.84768,             0.73487,             0.79353,             0.55176,            0.028619,           0.0086562,           0.0022947,            0.005182,            0.005182,            0.005182
                 148,             0.02284,             0.01444,           0.0027742,              0.8594,             0.73618,             0.80143,             0.55444,            0.028888,           0.0085968,           0.0028228,            0.005149,            0.005149,            0.005149
                 149,             0.02232,            0.013876,           0.0025969,             0.84825,             0.73142,             0.79553,             0.55599,             0.02909,           0.0086159,            0.002511,            0.005116,            0.005116,            0.005116
                 150,            0.022835,            0.013926,           0.0025657,             0.84975,             0.73024,             0.79479,             0.55275,            0.029236,           0.0085839,           0.0029327,            0.005083,            0.005083,            0.005083
                 151,            0.023063,            0.014455,           0.0021027,             0.84767,             0.74166,             0.79198,             0.54923,            0.028779,           0.0086147,           0.0025799,             0.00505,             0.00505,             0.00505
                 152,            0.022272,            0.014399,           0.0028201,             0.83939,             0.73873,             0.80391,             0.55421,            0.028922,           0.0086479,            0.002453,            0.005017,            0.005017,            0.005017
                 153,             0.02281,            0.013923,           0.0022983,             0.85639,             0.72014,             0.79464,              0.5597,            0.029358,           0.0084439,           0.0028258,            0.004984,            0.004984,            0.004984
                 154,            0.021733,            0.014218,           0.0022129,             0.84736,             0.74681,             0.80092,             0.56069,            0.029383,           0.0084854,           0.0029897,            0.004951,            0.004951,            0.004951
                 155,            0.022475,            0.014334,            0.002535,             0.87979,             0.71802,             0.79915,             0.56273,            0.028818,           0.0084993,           0.0028319,            0.004918,            0.004918,            0.004918
                 156,             0.02248,            0.014332,           0.0025815,             0.88076,             0.73591,             0.80328,             0.56547,            0.028352,           0.0083878,           0.0027272,            0.004885,            0.004885,            0.004885
                 157,            0.022167,            0.014212,           0.0023467,             0.86406,             0.73528,             0.79794,               0.556,            0.027981,           0.0086147,           0.0026284,            0.004852,            0.004852,            0.004852
                 158,            0.022622,            0.014121,           0.0028463,             0.89429,             0.72261,             0.80113,             0.55959,            0.028412,           0.0086333,           0.0030934,            0.004819,            0.004819,            0.004819
                 159,            0.022642,            0.014204,           0.0027542,             0.84646,             0.73991,             0.79343,             0.54676,            0.028786,           0.0086072,           0.0032343,            0.004786,            0.004786,            0.004786
                 160,            0.022538,            0.014085,           0.0021781,              0.8924,             0.71788,             0.79919,             0.55092,            0.028331,           0.0086398,           0.0026514,            0.004753,            0.004753,            0.004753
                 161,            0.022202,             0.01409,           0.0021892,              0.8786,             0.73492,             0.80492,             0.56313,            0.028133,           0.0085271,           0.0028845,             0.00472,             0.00472,             0.00472
                 162,            0.021824,            0.013564,           0.0021912,             0.87554,             0.72689,              0.7921,             0.55545,            0.028201,           0.0088476,           0.0035609,            0.004687,            0.004687,            0.004687
                 163,            0.022759,            0.013997,           0.0024204,             0.88033,             0.71301,             0.78999,             0.55325,            0.028905,           0.0086489,           0.0039528,            0.004654,            0.004654,            0.004654
                 164,            0.022734,            0.014119,           0.0024424,             0.85476,             0.74344,             0.80447,             0.55999,            0.028825,            0.008667,           0.0030516,            0.004621,            0.004621,            0.004621
                 165,            0.021518,            0.013719,           0.0025123,             0.86913,             0.75621,             0.79933,             0.54984,            0.028872,            0.008555,            0.002944,            0.004588,            0.004588,            0.004588
                 166,            0.021534,            0.013955,           0.0023537,             0.86381,             0.73228,             0.79401,             0.55389,            0.028094,           0.0085836,           0.0022583,            0.004555,            0.004555,            0.004555
                 167,            0.022154,            0.013722,            0.002239,             0.84801,             0.75144,             0.79818,             0.55859,            0.028225,           0.0084661,           0.0023141,            0.004522,            0.004522,            0.004522
                 168,            0.022381,            0.013762,           0.0025399,             0.86039,             0.74465,             0.79119,             0.55387,            0.028461,           0.0085072,           0.0023665,            0.004489,            0.004489,            0.004489
                 169,            0.021271,            0.013732,           0.0021391,             0.84753,              0.7206,             0.78297,             0.54749,            0.028046,           0.0088127,           0.0025039,            0.004456,            0.004456,            0.004456
                 170,             0.02155,            0.013781,           0.0020749,             0.82042,             0.74844,             0.79777,             0.55847,            0.027947,           0.0084503,           0.0019474,            0.004423,            0.004423,            0.004423
                 171,            0.022017,            0.013889,           0.0023573,             0.87593,             0.72842,             0.80359,             0.56455,            0.028365,           0.0085865,           0.0022478,             0.00439,             0.00439,             0.00439
                 172,             0.02192,            0.013878,           0.0016888,             0.87655,             0.75698,             0.81415,              0.5751,            0.028079,           0.0084326,           0.0020785,            0.004357,            0.004357,            0.004357
                 173,            0.021264,            0.013582,           0.0019557,             0.89534,              0.7218,             0.80875,             0.57442,            0.028836,           0.0084584,           0.0022531,            0.004324,            0.004324,            0.004324
                 174,            0.021543,            0.013882,           0.0019929,             0.88907,             0.72306,             0.80228,             0.56387,            0.029238,           0.0085161,           0.0025235,            0.004291,            0.004291,            0.004291
                 175,            0.022272,            0.013368,           0.0019827,             0.84362,             0.73284,             0.80051,              0.5579,            0.028803,           0.0086109,           0.0023859,            0.004258,            0.004258,            0.004258
                 176,            0.020272,            0.012969,           0.0015507,             0.85518,             0.74765,             0.79747,             0.56028,            0.028602,           0.0086127,           0.0020142,            0.004225,            0.004225,            0.004225
                 177,             0.02081,            0.013304,            0.001752,             0.85359,             0.75028,             0.80811,             0.57173,            0.028164,           0.0085521,           0.0023533,            0.004192,            0.004192,            0.004192
                 178,            0.020475,            0.013465,           0.0018006,             0.88046,             0.73723,             0.81067,             0.56682,             0.02787,            0.008816,           0.0020577,            0.004159,            0.004159,            0.004159
                 179,            0.020773,            0.013068,           0.0019158,             0.85492,             0.74916,             0.80484,             0.56528,            0.027845,           0.0085786,           0.0022973,            0.004126,            0.004126,            0.004126
                 180,            0.021539,            0.013475,           0.0017065,             0.86772,             0.72718,             0.80285,             0.56108,            0.028259,           0.0084546,           0.0021442,            0.004093,            0.004093,            0.004093
                 181,            0.020478,             0.01306,           0.0018145,             0.85822,             0.73226,             0.80466,             0.56457,            0.028135,           0.0085926,           0.0022403,             0.00406,             0.00406,             0.00406
                 182,            0.021115,            0.012995,           0.0020322,             0.87782,             0.74133,             0.80048,              0.5747,            0.028137,           0.0086177,           0.0024417,            0.004027,            0.004027,            0.004027
                 183,            0.021315,            0.013613,           0.0021939,              0.8752,             0.73288,             0.80304,             0.57139,            0.027893,            0.008694,           0.0024038,            0.003994,            0.003994,            0.003994
                 184,            0.020047,            0.012845,           0.0015742,              0.8689,             0.73973,             0.80124,             0.57035,            0.028032,           0.0087455,           0.0023584,            0.003961,            0.003961,            0.003961
                 185,            0.020284,            0.012773,           0.0017409,             0.85836,             0.75022,             0.80242,             0.57457,            0.027855,           0.0087548,           0.0022692,            0.003928,            0.003928,            0.003928
                 186,            0.021331,            0.013002,            0.001981,             0.89752,             0.72829,             0.80521,              0.5749,              0.0281,            0.008739,            0.002407,            0.003895,            0.003895,            0.003895
                 187,             0.02007,            0.012607,           0.0015491,             0.87608,             0.73485,             0.80873,             0.57526,            0.027667,            0.008816,           0.0024337,            0.003862,            0.003862,            0.003862
                 188,            0.021351,            0.012809,           0.0013642,             0.88216,             0.74078,             0.79592,             0.56873,             0.02786,            0.008798,           0.0025353,            0.003829,            0.003829,            0.003829
                 189,            0.020519,            0.013074,           0.0020915,             0.89655,             0.72018,             0.80362,             0.56993,            0.028151,           0.0088277,            0.002496,            0.003796,            0.003796,            0.003796
                 190,            0.020336,            0.012818,            0.001827,             0.84345,              0.7509,              0.8073,             0.57716,            0.028169,           0.0088172,           0.0027312,            0.003763,            0.003763,            0.003763
                 191,            0.020269,             0.01293,           0.0016079,             0.91041,             0.70403,             0.80525,             0.57756,            0.028599,           0.0089082,           0.0027485,             0.00373,             0.00373,             0.00373
                 192,            0.020087,            0.013066,            0.001888,             0.86432,             0.74288,              0.7976,             0.57604,            0.028475,           0.0090015,           0.0026118,            0.003697,            0.003697,            0.003697
                 193,            0.020209,            0.012402,           0.0018855,             0.88992,             0.73196,             0.80009,             0.57237,            0.028733,           0.0088739,           0.0027724,            0.003664,            0.003664,            0.003664
                 194,            0.020402,            0.013042,           0.0016178,              0.8782,             0.74052,             0.79601,             0.56523,            0.028881,           0.0088122,           0.0029099,            0.003631,            0.003631,            0.003631
                 195,            0.019897,            0.012704,           0.0015682,             0.88209,             0.73433,             0.79472,             0.57503,            0.028839,           0.0086842,           0.0032912,            0.003598,            0.003598,            0.003598
                 196,             0.02103,            0.012842,           0.0014984,             0.86659,             0.73825,             0.79223,             0.56726,            0.028626,           0.0088309,           0.0029662,            0.003565,            0.003565,            0.003565
                 197,            0.020155,            0.012925,           0.0017537,             0.85409,             0.74777,             0.79697,             0.57338,            0.028272,           0.0089403,           0.0026615,            0.003532,            0.003532,            0.003532
                 198,            0.020069,            0.012508,           0.0021426,             0.87399,             0.74284,             0.79821,             0.56547,            0.028076,            0.009141,           0.0026213,            0.003499,            0.003499,            0.003499
                 199,             0.01988,            0.012382,           0.0016805,             0.85171,             0.74404,             0.79659,             0.56386,            0.028109,           0.0091289,           0.0026915,            0.003466,            0.003466,            0.003466
                 200,            0.020092,            0.012719,           0.0016984,             0.87501,             0.73786,             0.79557,             0.56788,             0.02847,           0.0091499,           0.0026948,            0.003433,            0.003433,            0.003433
                 201,            0.019681,            0.012497,            0.001435,             0.89157,              0.7186,              0.7966,             0.56947,            0.028425,           0.0089058,            0.002661,              0.0034,              0.0034,              0.0034
                 202,            0.020143,            0.012761,           0.0016132,             0.90434,             0.72975,             0.80864,             0.57362,            0.028128,           0.0089025,            0.002761,            0.003367,            0.003367,            0.003367
                 203,            0.019994,            0.012612,           0.0016286,              0.8868,             0.73688,             0.81054,             0.57065,            0.028158,           0.0088248,           0.0027105,            0.003334,            0.003334,            0.003334
                 204,            0.019307,            0.012183,           0.0012243,             0.86232,             0.74864,             0.81047,             0.56871,            0.028047,            0.008638,           0.0024551,            0.003301,            0.003301,            0.003301
                 205,            0.019661,            0.012274,           0.0015607,             0.87305,              0.7594,              0.8086,              0.5678,            0.028336,           0.0086123,           0.0025402,            0.003268,            0.003268,            0.003268
                 206,            0.019697,            0.012344,           0.0012953,             0.90178,             0.73615,             0.80253,             0.56933,            0.028285,           0.0087771,           0.0027997,            0.003235,            0.003235,            0.003235
                 207,            0.019994,            0.012285,           0.0020363,             0.88497,               0.751,             0.80953,             0.56976,            0.028123,           0.0087591,           0.0029882,            0.003202,            0.003202,            0.003202
                 208,            0.019779,            0.012469,           0.0015433,             0.87582,             0.74427,              0.8006,             0.57398,            0.028214,           0.0087686,            0.002909,            0.003169,            0.003169,            0.003169
                 209,            0.019332,            0.012117,           0.0012793,              0.9002,             0.72722,             0.80495,             0.57264,            0.028366,           0.0088426,           0.0026991,            0.003136,            0.003136,            0.003136
                 210,             0.01978,            0.012739,           0.0016151,             0.89623,             0.74155,             0.80731,             0.57728,            0.028258,           0.0088203,           0.0025115,            0.003103,            0.003103,            0.003103
                 211,            0.019683,            0.012308,           0.0012321,              0.8776,             0.74325,             0.80349,              0.5768,            0.028729,           0.0088738,           0.0027276,             0.00307,             0.00307,             0.00307
                 212,            0.019854,            0.012067,           0.0013098,             0.89049,             0.73009,             0.79755,             0.56871,            0.029062,           0.0089999,           0.0028854,            0.003037,            0.003037,            0.003037
                 213,            0.019338,            0.012296,           0.0016817,             0.88658,             0.72623,             0.79932,              0.5714,            0.028623,           0.0089429,            0.002853,            0.003004,            0.003004,            0.003004
                 214,            0.019431,            0.012649,           0.0017309,             0.90396,             0.72887,             0.80576,             0.57318,            0.028475,           0.0088937,           0.0025977,            0.002971,            0.002971,            0.002971
                 215,            0.020159,            0.012564,           0.0015242,             0.88634,             0.75232,             0.80978,             0.57081,            0.028356,           0.0089545,           0.0025115,            0.002938,            0.002938,            0.002938
                 216,             0.01862,            0.011938,           0.0013032,             0.89355,             0.75385,             0.80895,              0.5738,            0.028474,           0.0089171,           0.0023984,            0.002905,            0.002905,            0.002905
                 217,            0.018869,             0.01198,           0.0012616,             0.89761,             0.73946,             0.80719,             0.57161,            0.028891,           0.0090117,           0.0026383,            0.002872,            0.002872,            0.002872
                 218,            0.019474,            0.012347,           0.0014943,             0.86957,             0.75492,             0.80677,             0.57584,            0.029173,           0.0090614,           0.0027011,            0.002839,            0.002839,            0.002839
                 219,            0.019106,            0.011659,           0.0012845,             0.88378,             0.74769,             0.81592,             0.57986,            0.029078,           0.0090717,           0.0024752,            0.002806,            0.002806,            0.002806
                 220,            0.018287,            0.011892,           0.0013123,              0.9153,             0.74141,             0.81345,             0.57642,              0.0289,           0.0089869,           0.0024516,            0.002773,            0.002773,            0.002773
                 221,            0.018855,            0.012224,           0.0012338,             0.90658,             0.73625,             0.80645,             0.57421,            0.028932,           0.0091185,           0.0023188,             0.00274,             0.00274,             0.00274
                 222,            0.019484,             0.01193,           0.0013601,              0.8996,             0.73773,              0.8097,             0.58081,             0.02898,           0.0091387,            0.002393,            0.002707,            0.002707,            0.002707
                 223,            0.019291,             0.01209,            0.001299,             0.90041,              0.7249,             0.80238,             0.57722,            0.028879,           0.0092623,           0.0023606,            0.002674,            0.002674,            0.002674
                 224,            0.019381,            0.011753,            0.001207,             0.91129,             0.71775,              0.8041,             0.57379,            0.028735,           0.0091543,           0.0024794,            0.002641,            0.002641,            0.002641
                 225,            0.019251,            0.011908,           0.0013918,             0.88986,             0.73872,             0.80679,             0.57495,            0.028568,           0.0091574,           0.0023069,            0.002608,            0.002608,            0.002608
                 226,            0.018478,            0.011983,           0.0015657,             0.89983,             0.73207,             0.80566,             0.57644,            0.028429,           0.0091253,            0.002277,            0.002575,            0.002575,            0.002575
                 227,            0.018486,            0.011986,           0.0011273,             0.88812,             0.74224,             0.80045,             0.56922,            0.028379,           0.0092191,           0.0025464,            0.002542,            0.002542,            0.002542
                 228,            0.018383,             0.01153,           0.0015455,             0.88582,             0.73197,             0.79568,              0.5691,            0.028513,           0.0093061,           0.0027292,            0.002509,            0.002509,            0.002509
                 229,            0.019032,            0.011763,           0.0012966,             0.87462,               0.754,             0.79975,             0.56755,             0.02841,           0.0093465,           0.0028398,            0.002476,            0.002476,            0.002476
                 230,            0.018678,             0.01164,           0.0010762,              0.8983,              0.7416,             0.80309,             0.57633,            0.028411,            0.009335,           0.0028048,            0.002443,            0.002443,            0.002443
                 231,            0.018253,            0.012083,           0.0015535,             0.88953,             0.75204,             0.80692,             0.57847,            0.028446,           0.0092284,           0.0024188,             0.00241,             0.00241,             0.00241
                 232,            0.018818,            0.011787,            0.001248,             0.88566,             0.75265,             0.80494,             0.58818,            0.028354,           0.0091538,           0.0022526,            0.002377,            0.002377,            0.002377
                 233,            0.018102,            0.011766,           0.0012873,              0.8946,             0.74206,             0.80534,             0.58591,            0.028461,           0.0091598,           0.0024973,            0.002344,            0.002344,            0.002344
                 234,            0.017555,            0.011593,           0.0010906,             0.89059,             0.74882,             0.80595,              0.5791,             0.02841,           0.0091942,           0.0025613,            0.002311,            0.002311,            0.002311
                 235,            0.017917,            0.011565,           0.0009117,             0.90209,             0.74472,               0.808,             0.57881,            0.028532,           0.0091141,           0.0025223,            0.002278,            0.002278,            0.002278
                 236,            0.018052,            0.011523,           0.0011157,             0.89119,             0.76196,             0.81105,              0.5804,            0.028696,           0.0090146,           0.0024068,            0.002245,            0.002245,            0.002245
                 237,            0.018683,            0.011848,           0.0011161,             0.88594,             0.76152,             0.81115,             0.58231,            0.028634,           0.0090171,           0.0024189,            0.002212,            0.002212,            0.002212
                 238,             0.01788,            0.011681,           0.0013352,             0.89823,             0.75558,             0.81068,             0.57788,            0.028615,           0.0091078,           0.0025801,            0.002179,            0.002179,            0.002179
                 239,            0.018121,            0.011868,           0.0011407,             0.92012,             0.73696,             0.80896,             0.57901,             0.02863,           0.0091032,           0.0025277,            0.002146,            0.002146,            0.002146
                 240,            0.018573,            0.011787,           0.0010357,             0.88896,             0.75034,              0.8098,             0.57229,            0.028665,           0.0090939,           0.0024843,            0.002113,            0.002113,            0.002113
                 241,            0.017489,            0.011507,           0.0010691,             0.89649,             0.74003,              0.8103,             0.57917,            0.028696,           0.0090371,           0.0025235,             0.00208,             0.00208,             0.00208
                 242,            0.017777,             0.01163,           0.0010757,             0.88404,             0.73847,             0.81154,             0.58234,            0.028404,           0.0089434,           0.0022524,            0.002047,            0.002047,            0.002047
                 243,             0.01775,            0.011236,           0.0013051,             0.86522,             0.73526,             0.80687,             0.57977,            0.028364,           0.0089587,           0.0022076,            0.002014,            0.002014,            0.002014
                 244,            0.018318,            0.011556,           0.0013093,             0.87663,             0.73808,             0.80712,             0.57853,            0.028515,           0.0090536,           0.0023414,            0.001981,            0.001981,            0.001981
                 245,            0.018127,            0.011553,            0.001034,             0.89409,             0.73742,             0.80682,             0.57717,            0.028568,           0.0090456,           0.0022705,            0.001948,            0.001948,            0.001948
                 246,            0.017616,            0.011537,            0.001067,             0.88702,             0.73852,             0.80891,             0.58022,            0.028611,           0.0090735,           0.0022892,            0.001915,            0.001915,            0.001915
                 247,            0.017817,            0.011369,           0.0012122,             0.87954,             0.74292,              0.8083,             0.58037,              0.0288,           0.0090677,           0.0022509,            0.001882,            0.001882,            0.001882
                 248,            0.017306,            0.010971,           0.0010871,             0.90764,             0.72499,             0.80968,             0.57901,            0.028768,           0.0090964,           0.0023236,            0.001849,            0.001849,            0.001849
                 249,            0.017759,              0.0111,           0.0010967,             0.87998,             0.74057,             0.81142,             0.57815,            0.028787,           0.0091269,           0.0024187,            0.001816,            0.001816,            0.001816
                 250,            0.018056,            0.011925,            0.001093,             0.88177,             0.74426,             0.81178,             0.57871,            0.028753,           0.0091133,           0.0023916,            0.001783,            0.001783,            0.001783
                 251,             0.01709,            0.011134,          0.00098834,              0.8792,             0.75035,             0.81393,             0.57761,            0.028768,           0.0091502,           0.0022883,             0.00175,             0.00175,             0.00175
                 252,            0.018141,            0.011434,           0.0012928,             0.86863,             0.75247,             0.81135,             0.58072,            0.028875,           0.0091424,           0.0024398,            0.001717,            0.001717,            0.001717
                 253,            0.017586,            0.011322,           0.0013009,             0.88487,             0.74537,             0.81136,             0.58043,            0.028919,            0.009109,           0.0023596,            0.001684,            0.001684,            0.001684
                 254,            0.017975,            0.011518,           0.0010689,             0.89948,             0.73418,             0.80778,             0.57811,            0.028933,           0.0091424,           0.0024132,            0.001651,            0.001651,            0.001651
                 255,            0.017609,            0.011415,          0.00097375,             0.90771,             0.73347,             0.80874,             0.58145,            0.028792,           0.0091878,           0.0024951,            0.001618,            0.001618,            0.001618
                 256,            0.017416,            0.011068,           0.0011326,             0.91578,             0.72895,             0.80676,             0.57796,            0.028875,           0.0092865,           0.0026453,            0.001585,            0.001585,            0.001585
                 257,            0.017121,            0.011548,           0.0010608,             0.91293,             0.73141,             0.80691,             0.57578,            0.029007,           0.0093664,           0.0026758,            0.001552,            0.001552,            0.001552
                 258,            0.017474,            0.011136,           0.0012606,             0.90344,             0.73542,             0.80757,             0.57474,            0.028809,           0.0093379,           0.0025545,            0.001519,            0.001519,            0.001519
                 259,             0.01711,            0.011278,          0.00097249,             0.91247,             0.73361,             0.80884,             0.57919,             0.02869,           0.0092987,            0.002401,            0.001486,            0.001486,            0.001486
                 260,            0.016527,            0.011067,           0.0012087,             0.90483,             0.74648,             0.80803,             0.57696,            0.028652,           0.0092763,            0.002381,            0.001453,            0.001453,            0.001453
                 261,            0.017538,            0.010922,           0.0015129,             0.89911,              0.7419,             0.81022,              0.5793,            0.028591,           0.0092701,           0.0023032,             0.00142,             0.00142,             0.00142
                 262,            0.017308,            0.011077,            0.001339,             0.91289,             0.74004,             0.81504,               0.582,            0.028515,           0.0092398,           0.0022932,            0.001387,            0.001387,            0.001387
                 263,            0.016735,             0.01107,           0.0010831,             0.89329,             0.74353,             0.81412,             0.58576,            0.028483,           0.0092433,           0.0022861,            0.001354,            0.001354,            0.001354
                 264,            0.017176,              0.0112,           0.0011989,             0.90558,             0.73256,             0.81462,             0.58381,            0.028473,            0.009301,           0.0023406,            0.001321,            0.001321,            0.001321
                 265,            0.017472,            0.011067,           0.0010732,             0.89602,             0.73778,             0.81138,             0.58297,            0.028326,           0.0092858,           0.0022817,            0.001288,            0.001288,            0.001288
                 266,            0.016464,            0.011224,          0.00085397,             0.90265,             0.73645,             0.81177,             0.58022,            0.028316,           0.0092715,           0.0022821,            0.001255,            0.001255,            0.001255
                 267,            0.016789,            0.011111,           0.0010014,             0.91875,              0.7272,             0.81133,             0.58174,             0.02835,           0.0092606,           0.0023344,            0.001222,            0.001222,            0.001222
                 268,            0.016747,            0.011151,          0.00084074,             0.90258,             0.73373,             0.80935,             0.57989,            0.028461,            0.009244,           0.0024112,            0.001189,            0.001189,            0.001189
                 269,            0.016473,            0.010901,          0.00065615,             0.87264,             0.75394,             0.81098,             0.57642,             0.02859,           0.0092378,           0.0024094,            0.001156,            0.001156,            0.001156
                 270,            0.017007,            0.010844,          0.00091053,             0.90145,               0.737,             0.81119,             0.57383,            0.028606,           0.0091868,           0.0024128,            0.001123,            0.001123,            0.001123
                 271,            0.016255,             0.01078,           0.0011092,             0.91431,             0.73785,             0.81335,             0.57675,            0.028606,           0.0091766,           0.0023814,             0.00109,             0.00109,             0.00109
                 272,            0.016849,            0.010981,          0.00071296,             0.91478,              0.7396,              0.8164,             0.58239,            0.028639,              0.0091,           0.0023351,            0.001057,            0.001057,            0.001057
                 273,            0.016296,            0.010911,          0.00082901,             0.91107,             0.73853,             0.81832,             0.58189,            0.028698,           0.0091117,           0.0023488,            0.001024,            0.001024,            0.001024
                 274,            0.017014,              0.0108,          0.00077045,             0.90163,             0.73707,             0.81675,             0.58221,            0.028724,           0.0091643,           0.0023891,            0.000991,            0.000991,            0.000991
                 275,            0.016865,             0.01098,          0.00092408,             0.91281,             0.73139,             0.81503,             0.58217,            0.028699,            0.009208,           0.0023835,            0.000958,            0.000958,            0.000958
                 276,            0.016997,            0.010749,           0.0010509,             0.91222,              0.7259,             0.81298,             0.58269,            0.028725,           0.0092393,           0.0024259,            0.000925,            0.000925,            0.000925
                 277,            0.016526,            0.010796,          0.00093938,             0.92227,             0.72983,             0.81256,             0.58251,            0.028741,           0.0092668,           0.0024143,            0.000892,            0.000892,            0.000892
                 278,            0.016104,            0.010627,          0.00074786,             0.92532,             0.73072,             0.81189,             0.58071,            0.028768,           0.0092367,           0.0024007,            0.000859,            0.000859,            0.000859
                 279,            0.016409,            0.010893,          0.00095338,             0.91417,             0.73281,             0.81288,             0.58428,            0.028775,           0.0092383,           0.0023549,            0.000826,            0.000826,            0.000826
                 280,            0.015778,            0.010746,          0.00078947,             0.91503,              0.7299,             0.81587,             0.58579,            0.028793,           0.0092273,           0.0023291,            0.000793,            0.000793,            0.000793
                 281,            0.016285,            0.010529,           0.0012576,             0.90795,             0.73847,             0.81461,             0.58493,             0.02883,           0.0092372,           0.0023392,             0.00076,             0.00076,             0.00076
                 282,            0.016254,             0.01072,           0.0010125,             0.90321,              0.7418,              0.8137,             0.58625,            0.028766,           0.0092237,           0.0023584,            0.000727,            0.000727,            0.000727
                 283,            0.016082,            0.010578,          0.00092808,             0.90374,             0.74211,             0.81347,              0.5861,            0.028799,            0.009219,           0.0023738,            0.000694,            0.000694,            0.000694
                 284,            0.016232,            0.010733,          0.00092697,             0.89237,             0.74359,             0.81227,             0.58559,            0.028828,           0.0092294,           0.0023148,            0.000661,            0.000661,            0.000661
                 285,            0.016543,            0.010624,           0.0011552,             0.89031,             0.74617,             0.81316,             0.58562,            0.028816,           0.0092596,           0.0023063,            0.000628,            0.000628,            0.000628
                 286,            0.016405,            0.010775,          0.00086373,             0.87936,             0.75008,             0.81385,              0.5844,            0.028757,            0.009279,            0.002301,            0.000595,            0.000595,            0.000595
                 287,            0.015485,            0.010486,           0.0013283,              0.8809,             0.74352,             0.81281,             0.58351,             0.02872,           0.0092908,           0.0023132,            0.000562,            0.000562,            0.000562
                 288,            0.016142,            0.010832,          0.00097543,              0.9041,             0.72911,             0.81219,              0.5832,            0.028664,           0.0093072,           0.0023652,            0.000529,            0.000529,            0.000529
                 289,            0.015886,            0.010475,          0.00095729,             0.91411,             0.72639,             0.81193,             0.58285,             0.02852,           0.0093207,           0.0023602,            0.000496,            0.000496,            0.000496
                 290,            0.016435,            0.010751,           0.0010099,             0.91796,             0.72387,             0.81239,             0.58219,            0.028504,           0.0093289,           0.0023695,            0.000463,            0.000463,            0.000463
                 291,            0.015927,            0.010521,           0.0010276,             0.91796,             0.72768,              0.8084,             0.58361,            0.028541,           0.0093333,           0.0023952,             0.00043,             0.00043,             0.00043
                 292,            0.016502,            0.010276,          0.00079677,             0.91062,             0.73001,              0.8096,             0.58415,             0.02857,            0.009344,           0.0024102,            0.000397,            0.000397,            0.000397
                 293,            0.015691,            0.010231,          0.00060927,             0.90817,             0.73058,             0.80944,             0.58289,            0.028588,           0.0093404,           0.0024504,            0.000364,            0.000364,            0.000364
                 294,            0.015695,            0.010661,          0.00078472,             0.90534,             0.73143,             0.80833,              0.5814,            0.028615,           0.0093388,           0.0024689,            0.000331,            0.000331,            0.000331
                 295,            0.016446,            0.010449,          0.00091516,             0.90877,             0.73153,             0.80987,              0.5828,            0.028569,           0.0093129,           0.0024669,            0.000298,            0.000298,            0.000298
                 296,             0.01591,             0.01028,          0.00079056,             0.91145,             0.73062,             0.81001,             0.58287,            0.028557,           0.0093021,           0.0024646,            0.000265,            0.000265,            0.000265
                 297,            0.015601,            0.010214,          0.00061322,             0.91494,             0.72871,             0.80851,              0.5834,            0.028584,            0.009303,           0.0024689,            0.000232,            0.000232,            0.000232
                 298,             0.01663,            0.010475,           0.0010801,             0.91324,             0.72867,             0.81028,             0.58286,            0.028598,           0.0093083,           0.0024716,            0.000199,            0.000199,            0.000199
                 299,            0.015469,            0.010431,          0.00091301,             0.91448,             0.73042,             0.81062,             0.58336,            0.028598,           0.0093125,           0.0024533,            0.000166,            0.000166,            0.000166
